variant,subset,d_model,n_heads,n_layers,epochs_used,test_rmse,test_score,params,size_mb,flops,inference_ms
student_d16_h1_l1_gru_default,FD001,16,1,1,150,13.204026222229004,308.8066711425781,8945,0.0341,226608.0,2.2753
student_d16_h1_l1_nogru,FD001,16,1,1,150,13.228453636169434,254.95587158203125,3745,0.0143,75496.0,1.4958
student_d8_h1_l1_gru,FD001,8,1,1,150,13.451798439025879,297.5424499511719,2969,0.0113,78616.0,1.8714
student_d8_h1_l1_nogru,FD001,8,1,1,150,13.133979797363281,276.875244140625,1657,0.0063,37752.0,1.9418
student_d24_h1_l1_gru,FD001,24,1,1,150,13.352069854736328,293.4236755371094,12249,0.0467,287328.0,1.4288
student_d24_h1_l1_nogru,FD001,24,1,1,150,12.951571464538574,280.4473876953125,6449,0.0246,113340.0,1.5332
student_d32_h2_l1_gru,FD001,32,2,1,150,13.87781047821045,273.28411865234375,16065,0.0613,348048.0,1.2853
student_d32_h2_l1_nogru,FD001,32,2,1,150,13.320003509521484,279.70361328125,9729,0.0371,151248.0,0.909
student_d32_h2_l2_gru,FD001,32,2,2,150,13.108384132385254,289.73480224609375,24609,0.0939,478608.0,1.6069
student_d32_h2_l2_nogru,FD001,32,2,2,150,12.798257827758789,287.3577575683594,18273,0.0697,281808.0,1.3785
student_d64_h4_l2_gru,FD001,64,4,2,150,14.06408977508545,308.9951171875,78785,0.3005,1326880.0,2.2213
student_d64_h4_l2_nogru,FD001,64,4,2,150,13.521658897399902,313.52783203125,53825,0.2053,564640.0,1.3974
student_d16_h1_l1_gru_default,FD002,16,1,1,150,13.328805923461914,790.30615234375,8945,0.0341,226608.0,1.6432
student_d16_h1_l1_nogru,FD002,16,1,1,150,13.695459365844727,802.9090576171875,3745,0.0143,75496.0,0.9989
student_d8_h1_l1_gru,FD002,8,1,1,150,13.0896577835083,759.749267578125,2969,0.0113,78616.0,1.7813
student_d8_h1_l1_nogru,FD002,8,1,1,150,13.586669921875,780.9421997070312,1657,0.0063,37752.0,1.2184
student_d24_h1_l1_gru,FD002,24,1,1,150,13.284502983093262,714.2073974609375,12249,0.0467,287328.0,1.5381
student_d24_h1_l1_nogru,FD002,24,1,1,150,13.461847305297852,869.84033203125,6449,0.0246,113340.0,0.9942
student_d32_h2_l1_gru,FD002,32,2,1,150,13.036772727966309,719.954345703125,16065,0.0613,348048.0,1.2197
student_d32_h2_l1_nogru,FD002,32,2,1,150,13.211305618286133,775.6063232421875,9729,0.0371,151248.0,1.6207
student_d32_h2_l2_gru,FD002,32,2,2,150,13.187270164489746,735.217529296875,24609,0.0939,478608.0,2.2628
student_d32_h2_l2_nogru,FD002,32,2,2,150,13.49084758758545,720.235107421875,18273,0.0697,281808.0,2.0004
student_d64_h4_l2_gru,FD002,64,4,2,150,14.111947059631348,816.9232788085938,78785,0.3005,1326880.0,2.2766
student_d64_h4_l2_nogru,FD002,64,4,2,150,13.702624320983887,856.1861572265625,53825,0.2053,564640.0,1.8969
student_d16_h1_l1_gru_default,FD003,16,1,1,150,12.952678680419922,304.56170654296875,8945,0.0341,226608.0,1.9064
student_d16_h1_l1_nogru,FD003,16,1,1,150,12.829803466796875,314.8088684082031,3745,0.0143,75496.0,1.5302
student_d8_h1_l1_gru,FD003,8,1,1,150,14.38242244720459,411.7635498046875,2969,0.0113,78616.0,1.1333
student_d8_h1_l1_nogru,FD003,8,1,1,150,14.334988594055176,687.9431762695312,1657,0.0063,37752.0,0.9186
student_d24_h1_l1_gru,FD003,24,1,1,150,12.757611274719238,350.67108154296875,12249,0.0467,287328.0,1.2136
student_d24_h1_l1_nogru,FD003,24,1,1,150,12.338274002075195,262.24078369140625,6449,0.0246,113340.0,1.1286
student_d32_h2_l1_gru,FD003,32,2,1,150,13.100020408630371,376.9906005859375,16065,0.0613,348048.0,1.0302
student_d32_h2_l1_nogru,FD003,32,2,1,150,12.787611961364746,344.0828552246094,9729,0.0371,151248.0,0.7925
student_d32_h2_l2_gru,FD003,32,2,2,150,12.527223587036133,380.8554992675781,24609,0.0939,478608.0,1.3113
student_d32_h2_l2_nogru,FD003,32,2,2,150,12.852431297302246,334.7267150878906,18273,0.0697,281808.0,1.0988
student_d64_h4_l2_gru,FD003,64,4,2,150,14.296723365783691,531.4718017578125,78785,0.3005,1326880.0,1.3611
student_d64_h4_l2_nogru,FD003,64,4,2,150,13.273841857910156,364.0183410644531,53825,0.2053,564640.0,1.6682
student_d16_h1_l1_gru_default,FD004,16,1,1,150,15.072851181030273,1547.932373046875,8945,0.0341,226608.0,1.9133
student_d16_h1_l1_nogru,FD004,16,1,1,150,15.067070007324219,1468.34716796875,3745,0.0143,75496.0,1.4655
student_d8_h1_l1_gru,FD004,8,1,1,150,16.07400131225586,1484.722900390625,2969,0.0113,78616.0,1.505
student_d8_h1_l1_nogru,FD004,8,1,1,150,15.579477310180664,1657.435791015625,1657,0.0063,37752.0,1.4111
student_d24_h1_l1_gru,FD004,24,1,1,150,15.647252082824707,1677.56640625,12249,0.0467,287328.0,1.7756
student_d24_h1_l1_nogru,FD004,24,1,1,150,15.136301040649414,1497.5172119140625,6449,0.0246,113340.0,1.4792
student_d32_h2_l1_gru,FD004,32,2,1,150,15.093733787536621,1632.01123046875,16065,0.0613,348048.0,1.5308
student_d32_h2_l1_nogru,FD004,32,2,1,150,15.383122444152832,1412.97802734375,9729,0.0371,151248.0,1.2351
student_d32_h2_l2_gru,FD004,32,2,2,150,15.261831283569336,1790.5189208984375,24609,0.0939,478608.0,1.3267
student_d32_h2_l2_nogru,FD004,32,2,2,150,15.777800559997559,1896.07080078125,18273,0.0697,281808.0,1.0788
student_d64_h4_l2_gru,FD004,64,4,2,150,14.932948112487793,1502.9342041015625,78785,0.3005,1326880.0,1.3801
student_d64_h4_l2_nogru,FD004,64,4,2,150,15.42609977722168,1518.601806640625,53825,0.2053,564640.0,1.0619
